Survey Status,Program Name,Program Location,Program Zipcode,Program Type
Surveyed,Anchor Academy of Apopka,23 N WEKIWA SPRINGS RD,32703,Child Care Center
Surveyed,ANOINTED WORD FAITH ACADEMY,305 S  Highland Ave,32703,Child Care Center
Surveyed,Beyond Tomorrow Education,833 S ORANGE BLOSSOM TRL,32703,Child Care Center
Surveyed,Central Florida Preparatory School,1800 MARDEN RD,32703,School Based
Surveyed,Daydreams Child Development Center DBA Kid City USA Apopka,204 S CENTRAL AVE,32703,Child Care Center
Surveyed,Gross Family Day Care Home,2484 Cobblefield Cir,32703,Family Home
Surveyed,INGENUITY PRESCHOOL,2505 E SEMORAN BLVD,32703,Child Care Center
Surveyed,Kiddie Academy of Apopka,2334 E SEMORAN BLVD,32703,Child Care Center
Surveyed,The Learning Experience Apopka,2295 E SEMORAN BLVD,32703,Child Care Center
Surveyed,Tiny Tots of Apopka,201 South Park Ave,32703,Child Care Center
Surveyed,TRINITY CHRISTIAN EARLY CHILDHOOD,1022 S ORANGE BLOSSOM TRL,32703,Child Care Center
Surveyed,westside learning academy,1937 LAKEVILLE RD,32703,Child Care Center
Surveyed,BEGINNING YEARS LLC DBA KIDS R KIDS #13,301 W WELCH RD,32712,Child Care Center
Surveyed,Elite Learning Academy Inc.,1425 W ORANGE BLOSSOM TRL,32712,Child Care Center
Surveyed,Ings Family Day Care Home,11118 Daimler Dr.,32712,Family Home
Surveyed,ROCK SPRINGS ACADEMY,2226 ROCK SPRINGS RD,32712,Child Care Center
Surveyed,Starchild Wekiva,1550 N. Wekiwa Springs Road,32712,Child Care Center
Surveyed,JEWISH COMMUNITY CENTER OF GREATER ORLANDO,851 N   Ave,32751,Child Care Center
Surveyed,KING OF KINGS LUTHERAN PRESCHOOL,1101 N WYMORE RD,32751,School Based
Surveyed,MAITLAND MONTESSORI SCHOOL,236 N SWOOPE AVE,32751,Child Care Center
Surveyed,MAITLAND PRESBYTERIAN CHURCH INC,341 N ORLANDO AVE,32751,Child Care Center
Surveyed,Orangewood d/b/a Maitland Community Preschool,1300 W Maitland Blvd,32751,Child Care Center
Surveyed,St Patrick's Early Childhood Learning Center,6803 Old Highway 441 S,32757,Child Care Center
Surveyed,TANGERINE SCHOOLHOUSE INC,7228 EARLWOOD AVE,32757,Child Care Center
Surveyed,ALL SAINTS SCHOOL,338 E LYMAN AVE,32789,Child Care Center
Surveyed,First Congregational Church Preschool & Kindergarten,225 S Interlachen Ave,32789,Child Care Center
Surveyed,First Steps Academy,1199 Clay Street,32789,Child Care Center
Surveyed,Kiddie Academy of Winter Park,420 S ORLANDO AVE,32789,Child Care Center
Surveyed,ROLLINS COLLEGE CHILD DEVELOPMENT-HUME HOUSE,315 HOLT AVE,32789,School Based
Surveyed,Welbourne Avenue Nursery and Preschool,450 West Welbourne Avenue,32789,Child Care Center
Surveyed,Winter Park Day Nursery,741 S PENNSYLVANIA AVE,32789,Child Care Center
Surveyed,Babyland Bilingual Academy,5025 Old Howell Branch Rd,32792,Child Care Center
Surveyed,Hodges Family Day Care Home,1902 Taylor Ave,32792,Family Home
Surveyed,Kid's Prep Child Care Inc DBA Kid's Prep School,823 S Semoran Blvd,32792,Child Care Center
Surveyed,KinderCare Learning Center #920,4035 N GOLDENROD RD,32792,Child Care Center
Surveyed,Leaders Of Excellence Academy Il,3001 N Goldenrod Rd,32792,Child Care Center
Surveyed,LOVING EARTH PRESCHOOL AND DEV CENTER,813 N LAKEMONT AVE,32792,Child Care Center
Surveyed,REDEEMER CHILDREN'S JOURNEY PRESCHOOL,3377 ALOMA AVE,32792,Child Care Center
Surveyed,South Orlando YMCA Head Start,810 W. Oak Ridge,32792,Child Care Center
Surveyed,WINTER PARK PRESBYTERIAN PRESCHOOL PROGRAM,400 S LAKEMONT AVE,32792,Child Care Center
Surveyed,RCMA Zellwood Child Development Center,3109 Union St,32798,Child Care Center
Surveyed,CALLAHAN HEAD START,101 N PARRAMORE AVE,32801,Child Care Center
Surveyed,COALITION FOR THE HOMELESS,18 N Terry Ave,32801,Child Care Center
Surveyed,ORLANDO DAY NURSERY,626 LAKE DOT CIR,32801,Child Care Center
Surveyed,PARK LAKE PRESBYTERIAN CHURCH CHILD CARE CENTER,309 E  Colonial Dr,32801,Child Care Center
Surveyed,TRINITY CHILD DEVELOPMENT CENTER,420-424 RUTH LN,32801,Child Care Center
Surveyed,Baldwin Oaks Academy,1862 East Winter Park Rd,32803,School Based
Surveyed,Discover Academy,319 S LAKEWOOD DR,32803,Child Care Center
Surveyed,Super Kids Academy Orlando,2618 E ROBINSON ST,32803,Child Care Center
Surveyed,Trinity Christian Academy,1100 N FERN CREEK AVE,32803,Child Care Center
Surveyed,Children's Academy at Loch Haven,200 E EVANS ST,32804,Child Care Center
Surveyed,College Park Kiddie Kampus Inc,2208 North Rio Grande Drive,32804,Child Care Center
Surveyed,College Park U M Child Dev Center,644 W Princeton St,32804,Child Care Center
Surveyed,EXPANDING MINDS ACADEMY,3760 N JOHN YOUNG PKWY STE 101,32804,Child Care Center
Surveyed,Kid City USA College Park,2828 EDGEWATER DR,32804,Child Care Center
Surveyed,Kidszone Learning Preschool,2138 W Colonial Drive,32804,School Based
Surveyed,My Precious Kidz Academy,2514 W COLONIAL DR,32804,Child Care Center
Surveyed,Orlando Junior Academy,30 E Evans St,32804,School Based
Surveyed,Playtime Academy,4501 GODDARD AVE,32804,Child Care Center
Surveyed,St. Vincent's Academy,1515 Edgewater Drive,32804,Child Care Center
Surveyed,Children's Legacy Christian Academy,1408 W MICHIGAN ST,32805,Child Care Center
Surveyed,Dreams Come True Childcare JW ,3195 w central blvd ,32805,Family Home
Surveyed,GREATER TOMORROW CHRISTIAN ACADEMY,16 S DOLLINS AVE,32805,Child Care Center
Surveyed,Hernandez Family Day Care Home,1401 Nieuport Ln,32805,Family Home
Surveyed,MT SINAI CHILD DEVELOPMENT CENTER,2610 Orange Center Blvd,32805,Child Care Center
Surveyed,MY DESTINY ACADEMY,1235 W Michgan Street,32805,Child Care Center
Surveyed,Raising Angels Child Development Center,1720 S Rio Grande Ave. ,32805,Child Care Center
Surveyed,"Rosen Parramore PS 8 Foundation, Inc.",701 W Livingston St Ste 700,32805,Child Care Center
Surveyed,Washington Shores Elementary Head Start,944 W Lake Mann Dr,32805,Child Care Center
Surveyed,West Lakes Early Learning Center,2122 Long Street,32805,Child Care Center
Surveyed,Alenka Your Learning Kids Academy Inc,2622 S Fern Creek Ave ,32806,Child Care Center
Surveyed,Community Church Preschool,"3839 S Fern Creek Ave,",32806,Child Care Center
Surveyed,Dramatic Education Lake Como Elementary,901 S Bumby Ave,32806,School Based
Surveyed,Exploris Learning Academy,2517 Curry Ford Rd,32806,Child Care Center
Surveyed,SMALL WONDERS CHILDREN'S CENTER,2856 CURRY FORD RD,32806,Child Care Center
Surveyed,The Learning Place Academy Orlando INC,1616 CONWAY GARDENS RD,32806,Child Care Center
Surveyed,ANGEL SPROUTS ACADEMY INC,7651 VALENCIA COLLEGE LN,32807,Child Care Center
Surveyed,"AZALEA PARK CHILD CARE, INC",940 S  Semoran Blvd,32807,Child Care Center
Surveyed,Carle Family Day Care Home,"2064 Tropic Bay Ct,",32807,Family Home
Surveyed,Dramatic Education/ Forsyth Woods Elementary,6651 Curtis St,32807,School Based
Surveyed,Early Learning Day Care LLC,60 Randia Dr,32807,Family Home
Surveyed,Faith Generation Academy,1840 N GOLDENROD RD,32807,Child Care Center
Surveyed,GREEN DAY EARLY LEARNING CENTER,445 GASTON FOSTER RD,32807,Child Care Center
Surveyed,HAPPYLAND LEARNING ACADEMY,1295 N SEMORAN BLVD,32807,Child Care Center
Surveyed,HORIZONS CHILD CARE AND LEARNING CENTER,1089 N Goldenrod Rd,32807,Child Care Center
Surveyed,Little Steps LLC,26 WILLOW DR,32807,School Based
Surveyed,Loving Child Daycare,5600 Old Cheney Hwy,32807,Child Care Center
Surveyed,MUNCHKIN LAND ACADEMY,2042 N FORSYTH RD,32807,Child Care Center
Surveyed,Prince of Peace Lutheran Preschool,1515 S SEMORAN BLVD,32807,Child Care Center
Surveyed,The Conrad Academy and Preschool,2008 N GOLDENROD RD,32807,Child Care Center
Surveyed,UCP Downtown,4680 Lake Underhill Rd,32807,School Based
Surveyed,A Child's Safe Haven Childcare and Preschool,1412 N PINE HILLS RD,32808,Child Care Center
Surveyed,"A to Z Bumble Bee Learning Center, LLC",1213 N PINE HILLS RD,32808,Child Care Center
Surveyed,A Wonderful World 4 Learning Inc.,1048 N PINE HILLS RD,32808,Child Care Center
Surveyed,Akinom Academy LLC,615 N Pine Hills Road ,32808,Child Care Center
Surveyed,"Apple Star Academy, Inc.",724 N Hastings Street,32808,Child Care Center
Surveyed,Atkinson Family Day Care Home,4309 North Lake  Pkwy  ,32808,Family Home
Surveyed,Beryl Wisdom Adventist School,4955 ROSE AVE,32808,School Based
Surveyed,BUBBLES POND DAY CARE,3423 N PINE HILLS RD,32808,Child Care Center
Surveyed,DIVINELY ORDERED PREP SCHOOL & CHILDCARE,1336 N PINE HILLS RD,32808,Child Care Center
Surveyed,"EDWARDS, GWENDOLYN",4531 ARCH ST,32808,Family Home
Surveyed,endeavors academy inc,800 paul street,32808,Child Care Center
Surveyed,First Phase Core Academy,5362 SILVER STAR RD,32808,School Based
Surveyed,FUN NATION CO> LLC,903 EMERALDA RD,32808,Family Home
Surveyed,Gardner Large Family Child Care Home,5815 Viking Rd,32808,Family Home
Surveyed,Hartsden Corporation,4862 Indialantic Dr,32808,Family Home
Surveyed,Heaven's Precious Jewels Christian Childcare Center,5209 VAN AKEN DR,32808,Family Home
Surveyed,Jaylenâ€™s Christian Academy II,3615 N PINE HILLS RD,32808,Child Care Center
Surveyed,Johnson's Family Home Childcare ,2413 N Hastings st ,32808,Family Home
Surveyed,KIDZ PALACE EARLY LEARNING CENTER INC,4895 W COLONIAL DR,32808,Child Care Center
Surveyed,Kidz R 4 Uz 2 Learning Center,1228 N PINE HILLS RD,32808,Child Care Center
Surveyed,LITTLE ANGELS CHILDCARE AND LEARNING CTR,5700 SILVER STAR RD,32808,Child Care Center
Surveyed,"Little Citizens Child Care, LLC",1112 N. PINE HILLS RD,32808,Child Care Center
Surveyed,LITTLE HARVARD'S DAYCARE ,5020 Silver Star Road,32808,Child Care Center
Surveyed,MARANATHA EARLY LEARNING ACADEMY LLC,2701 N PINE HILLS RD,32808,Child Care Center
Surveyed,Melbourne Family Day Care Home,1000 Emeralda Rd,32808,Family Home
Surveyed,Merrick Family Day Care Home,"4725 Okeefe Ct,",32808,Family Home
Surveyed,Mitchell Family Daycare Home LLC ,5401 Britan ,32808,Family Home
Surveyed,MLI Preschool LLC,2612 PIONEER RD,32808,Child Care Center
Surveyed,"PINE HILLS CHRISTIAN CHILD CARE,INC",800 N PINE HILLS RD,32808,Child Care Center
Surveyed,Pine Hills Head Start,"6408 Jennings Rd Orlando Fl, 32818",32808,Child Care Center
Surveyed,Rene's Dynamic Sports Center,6145 Silver Star Rd,32808,Child Care Center
Surveyed,ROCK & RATTLES VOLCY CHILDCARE INC,1211 CITY PARK AVE,32808,Family Home
Surveyed,Roll With It Daycare,1434 N PINE HILLS RD,32808,Child Care Center
Surveyed,SEA SHELLS CHILD CARE,1021 N  Pine Hills Rd,32808,Child Care Center
Surveyed,Singleton Family Daycare,1316 KIRK ST,32808,Family Home
Surveyed,Smartuft's Academy LLC,824 Paul Street,32808,Child Care Center
Surveyed,Smith Family Day Care Home,"5415 Old Oak Tree Dr,",32808,Family Home
Surveyed,St. Andrew Catholic School,877 N Hastings St,32808,School Based
Surveyed,Thompsonâ€™s Unique Learning Center ,5115 Londonderry Blvd ,32808,Family Home
Surveyed,UCP Pine Hills,5800 Gulf Club Parkway,32808,School Based
Surveyed,We Are One Services LLC Early Childhood Development Center,1442 N PINE HILLS RD,32808,Child Care Center
Surveyed,APPLE ACADEMY,1400 JORDAN AVE,32809,Child Care Center
Surveyed,Bethany Learning Daycare & Academy,6229 Winegard Rd,32809,Child Care Center
Surveyed,BIG STARS LEARNING CENTER,430 W LANCASTER RD,32809,Child Care Center
Surveyed,CALVARY CITY CHRISTIAN ACADEMY AND PRESCHOOL,2500 W OAK RIDGE RD,32809,Child Care Center
Surveyed,Children's Kingdom Academy,426 W LANCASTER RD,32809,Child Care Center
Surveyed,"Drop of Love, LLC",207 W LANCASTER RD,32809,Child Care Center
Surveyed,GROW IN PRESCHOOL,4015 W OAK RIDGE RD,32809,Child Care Center
Surveyed,LA PETITE SUNSHINE CHRISTIAN ACADEMY,900 W LANCASTER RD,32809,Child Care Center
Surveyed,"Little Angel's Academy Learning Center,Inc.",623 W LANCASTER RD,32809,Child Care Center
Surveyed,"MONTESSORI SCHOOL OF ORLANDO, INC",1187 FlORIDA MALL AVE,32809,School Based
Surveyed,OAK RIDGE CHILDRENS ACADEMY AND DAY CARE,1118 W OAK RIDGE RD,32809,Child Care Center
Surveyed,On the Rock Preschool,731 Fairlane Avenue,32809,Child Care Center
Surveyed,Shining Stars Academy,5607 HANSEL AVE,32809,Child Care Center
Surveyed,SOUTHWOOD HEAD START,6225 BROOKGREEN AVE,32809,Child Care Center
Surveyed,ST MARY'S PRESCHOOL,6316 MATCHETT RD,32809,Child Care Center
Surveyed,Bright Little Gifts Learning Academy Inc,7645 & 7641 Magnolia Homes Rd,32810,Child Care Center
Surveyed,Cato family daycare/Toni Cato,5763 Grand Canyon Dr,32810,Family Home
Surveyed,CLARCONA  PRESCHOOL INC,4300 Clarcona Ocoee Rd,32810,Child Care Center
Surveyed,Elite Scholars Academy,6214 Forest City Rd,32810,Child Care Center
Surveyed,Gonsalez Childcare,731 Alfred Dr,32810,Family Home
Surveyed,Kid's Prep Academy,433 W KENNEDY BLVD,32810,Child Care Center
Surveyed,La Petite Academy 7496,2650 PEMBROOK DR,32810,Child Care Center
Surveyed,Lockhart Academy and Child Care Center,6924 FOREST CITY RD,32810,Child Care Center
Surveyed,"Orlando STEAM Academy, Inc",5554 Clarcona Ocoee Rd,32810,Child Care Center
Surveyed,"STARS ON THE RISE CHILDCARE, INC.",7301 EDGEWATER DR,32810,Child Care Center
Surveyed,THE VILLAGE PRESCHOOL,5413 EDGEWATER DR,32810,Child Care Center
Surveyed,ACHIEVING STARZ LEARNING CENTER,4093 COLUMBIA ST,32811,Child Care Center
Surveyed,Collective Learning Preschool,5143 OLD WINTER GARDEN RD,32811,Child Care Center
Surveyed,"FamiliesOnTheGo, LLC",2173 LISTON CT,32811,Family Home
Surveyed,Incredible Kids Learning Academy,4110 Raleigh St,32811,Family Home
Surveyed,Kids All The Time Learning Center,4123 COLUMBIA ST,32811,Child Care Center
Surveyed,Linda's Love and Care,4674 BARLEY ST,32811,Family Home
Surveyed,MAMA'S PRIDE AND JOY,933 S. IVEY LANE,32811,Child Care Center
Surveyed,MILLS CHILD DEVELOPMENT CENTER,5200 W  South St,32811,Child Care Center
Surveyed,PRECIOUS CREATIONS II,217 N KIRKMAN RD,32811,Child Care Center
Surveyed,PRECIOUS CREATIONS PRESCHOOL,201 N KIRKMAN RD,32811,Child Care Center
Surveyed,Small Cherubs LLC,5399 ROSEGAY CT,32811,Family Home
Surveyed,Valentine Learning Center LLC,216 N IVEY LN,32811,Child Care Center
Surveyed,BEST MEMORIES ACADEMY CHILD CARE CENTER,5135 CURRY FORD RD,32812,Child Care Center
Surveyed,CONWAY LEARNING CENTER,3636 E MICHIGAN ST,32812,Child Care Center
Surveyed,Dover Shores Elementary Head Start,1200 Gaston Foster Rd,32812,Child Care Center
Surveyed,Kiddie Academy of Orlando Conway,3215 S Conway Rd,32812,Child Care Center
Surveyed,Kids Christian Academy,4709 CURRY FORD RD,32812,Child Care Center
Surveyed,Kids Place Preschool of Orlando,5495 Lake Margaret Dr,32812,Child Care Center
Surveyed,Rincon Family Day Care Home,5008 Kempston Dr,32812,Family Home
Surveyed,True Colors Learning Center LLC,3300 CONWAY RD,32812,Child Care Center
Surveyed,Bright Horizons at Baldwin Park,1700 FIREHOUSE LN,32814,Child Care Center
Surveyed,KINGDOM KIDS ACADEMY,2047 PROSPECT AVE,32814,Child Care Center
Surveyed,UCF CREATIVE SCHOOL FOR CHILDREN,12852 GEMINI BLVD,32816,Child Care Center
Surveyed,Building Kidz School,9367 TREVARTHON RD,32817,Child Care Center
Surveyed,Creative World School Ucf,5016 N Dean Rd,32817,Child Care Center
Surveyed,Discovery Port Kids Academy,10047 E COLONIAL DR,32817,Child Care Center
Surveyed,HOPE LUTHERAN PRESCHOOL,2600 N DEAN RD,32817,Child Care Center
Surveyed,Orange County Preparatory Academy VPK ,10250 University Blvd,32817,Child Care Center
Surveyed,Top Kids Academy,1912 N DEAN RD,32817,Child Care Center
Surveyed,All Star's Childcare Center 2 Inc.,7453 W. Colonial Drive,32818,Child Care Center
Surveyed,ALL STARS CHILDCARE CENTER INC,7429 W COLONIAL DR,32818,Child Care Center
Surveyed,Deeper Root Academy Orlando,8001 Silver Star Rd,32818,Child Care Center
Surveyed,Domdidi Kidz,6837 W COLONIAL DR,32818,Child Care Center
Surveyed,Glad Tidings Learning Center,8550 CLARCONA OCOEE RD,32818,Child Care Center
Surveyed,Great Beginnings Academy,3311 N Powers Dr,32818,Child Care Center
Surveyed,Hal Marston HEAD START CENTER,3933 W.D. Judge Dr. Suite B,32818,Child Care Center
Surveyed,Hazlewood Family Day Care Home,5268 Macadamia Ct,32818,Family Home
Surveyed,KIDZ R 4 UZ INC,6700 SILVER STAR RD,32818,Child Care Center
Surveyed,LITTLE ANOINTED ONES LEARNING CENTER,609 N POWERS DR,32818,Child Care Center
Surveyed,LITTLE CUBS LEARNING CENTER,6837 LAKEVILLE RD,32818,Child Care Center
Surveyed,Michelle's Little Angels,8640 Park Highland Dr,32818,Family Home
Surveyed,MY FIRST STEPS,6440 W COLONIAL DR,32818,Child Care Center
Surveyed,Shaw Family Day Care Home,8043 Windy Hill Way,32818,Family Home
Surveyed,"Spellman Prep School, LLC",6844 SILVER STAR RD,32818,Child Care Center
Surveyed,TODAY'S KIDS DAY CARE CENTER,2625 N HIAWASSEE RD,32818,Child Care Center
Surveyed,"TWEED-THOMPSON, BERNADETTE",7230 PLEASANT DR,32818,Family Home
Surveyed,Bethel family day  care home . ,6808,32819,Family Home
Surveyed,CHRIST THE KING LUTHERAN PRESCHOOL,4962 S APOPKA VINELAND RD,32819,Child Care Center
Surveyed,"Discovery Prep Academy, Inc.",5715 Turkey Lake Road,32819,Child Care Center
Surveyed,KinderCare Education at Work LLC,7113 WALLACE RD,32819,Child Care Center
Surveyed,LITTLE FISHES PRESCHOOL,4700 LINCOLN AVE,32819,Child Care Center
Surveyed,Little Kingdom Steppers Daycare,5021 Pueblo St,32819,Family Home
Surveyed,Mildred Jones Family Day Care,5027 Caserta St,32819,Family Home
Surveyed,"MURPHY, SHONDRIKA",7606 AREZZO AVE,32819,Family Home
Surveyed,"Rosen Tangelo Park Preschool Foundation, Inc",5115 Anzio St,32819,Child Care Center
Surveyed,St. Luke's CDC,4851 S APOPKA VINELAND RD,32819,Child Care Center
Surveyed,The Learning Center of Dr Phillips,8004 Banyan Blvd,32819,Child Care Center
Surveyed,THE LEARNING CENTER OF SOUTH PARK,7350 FUTURES DR STE 6,32819,Child Care Center
Surveyed,Bithlo HEAD START,18501 Washington Ave,32820,Child Care Center
Surveyed,Carpio Family Day Care Home,"7317 Marseille Cir,",32822,Family Home
Surveyed,Casita MÃ­a DayCare LLC,2715 Hidden Cove ct,32822,Family Home
Surveyed,Creative Hands Learning Academy LLC,6820 Hoffner Ave Ste 104,32822,Child Care Center
Surveyed,CUB ACADEMY,8257 NARCOOSSEE PARK DR,32822,Child Care Center
Surveyed,Gallagher Academy LLC DBA Golden Bear Academy,421 S GOLDENROD RD,32822,Child Care Center
Surveyed,"Growing Place Academy, Corp",6900 Pershing Ave,32822,Child Care Center
Surveyed,HAND N HAND CHILD ENRICHMENT CENTER,6225 HAZELTINE NATIONAL DR,32822,Child Care Center
Surveyed,La Petite Academy 7497,7303 LAKE UNDERHILL RD,32822,Child Care Center
Surveyed,Liranzo Family Day Care Home,8131 Sun Vista Way,32822,Family Home
Surveyed,Minus family day care home,7750 Boreas dr ,32822,Family Home
Surveyed,STEP BY STEP LEARNING ACADEMY,2335 S GOLDENROD RD,32822,Child Care Center
Surveyed,"THE TREE HOUSE EDUCATIONAL CENTER, INC",1851 S GOLDENROD RD,32822,Child Care Center
Surveyed,Three Points Elementary Head Start,4001 South Goldenrod Rd. ,32822,Child Care Center
Surveyed,Young Planet Academy,5449 S SEMORAN BLVD SUITE 21,32822,Child Care Center
Surveyed,Correa Family Day Care Home,"12529 Greco Dr,  ",32824,Family Home
Surveyed,Kiddie academy of Hunters Creek,475 E TOWN CENTER BLVD,32824,Child Care Center
Surveyed,Kids R Kids Landstar,540 Pinnacle Cove Blvd,32824,Child Care Center
Surveyed,kids zone family day care home,529 Wechsler Cir orlando fl 32824,32824,Family Home
Surveyed,LADYBIRD ACADEMY OF WYNDHAM LAKES,14840 WYNDHAM LAKES BLVD,32824,School Based
Surveyed,LIVING WORD ACADEMY,601 E WETHERBEE RD,32824,Child Care Center
Surveyed,Super times Learning center LLC,990 california woods cir,32824,Family Home
Surveyed,TAFT HEAD START CENTER,9504 S ORANGE AVE,32824,Child Care Center
Surveyed,TREASURE OF KNOWLEDGE CHRISTIAN ACADEMY,13001 LANDSTAR BLVD,32824,School Based
Surveyed,Winners Christian Academy LLC,13175 LOOKING GLASS FALLS LN,32824,Family Home
Surveyed,Aunt Delores Childcare Center,1411 MELANIE DR,32825,Child Care Center
Surveyed,DISCOVERY ZONE PRESCHOOL,11333 LAKE UNDERHILL RD,32825,Child Care Center
Surveyed,Faith Christian Academy Preschool Curry Ford,9307 CURRY FORD RD,32825,Child Care Center
Surveyed,JOURNEY EARLY LEARNING CENTER,9580 CURRY FORD RD,32825,Child Care Center
Surveyed,LADYBIRD ACADEMY LAKE UNDERHILL,10955 LAKE UNDERHILL RD,32825,Child Care Center
Surveyed,"LITTLE ANGELS PRESCHOOL & CHILD CARE DEVELOPMENT CENTER, LLC",10012 PORTALE AVE,32825,Child Care Center
Surveyed,Montoya Family Day Care Home,8117 Golden Chickasaw Cir,32825,Family Home
Surveyed,Morales Family Day Care Home,"10309 Bridlewood Ave,  ",32825,Family Home
Surveyed,Vergara Family Day Care Home,"1749 Branchwater Trl,  ",32825,Family Home
Surveyed,TOP SPOT ACADEMY,1715 Lake Pickett Rd,32826,Child Care Center
Surveyed,My First Academy 3,9145 NARCOOSSEE RD,32827,Child Care Center
Surveyed,Primrose School of Lake Nona, 9915 Vickrey Place,32827,Child Care Center
Surveyed,The Goddard School,9618 LAKE NONA VILLAGE PL,32827,Child Care Center
Surveyed,Big Blue Marble Academy,310 WOODLAND LAKE DR,32828,Child Care Center
Surveyed,CREATIVE WORLD SCHOOL AT AVALON PARK,3625 AVALON PARK WEST BLVD,32828,Child Care Center
Surveyed,FIRST STEP KIDS ACADEMY,2876 S alafaya trail ste 110,32828,Child Care Center
Surveyed,GLORIOUS KIDS ACADEMY LLC,1537 S ALAFAYA TRL,32828,Child Care Center
Surveyed,KIDS R KIDS AVALON PARK,12881 Tanja King Blvd,32828,Child Care Center
Surveyed,La Petite Academy 7498,401 MARK TWAIN BLVD,32828,Child Care Center
Surveyed,Ladybird Academy Avalon Park LLC,357 S AVALON PARK BLVD,32828,Child Care Center
Surveyed,LifeSong Preschool,"2800 S Alafaya Trl,",32828,Child Care Center
Surveyed,LITTLE LORDS AND LADIES LEARNING ACADEMY,570 N ALAFAYA TRL STE C101,32828,Child Care Center
Surveyed,MONARCH CHILDREN'S ACADEMY LLC,13825 TOWNSEND DR,32828,Child Care Center
Surveyed,Platt Family Day Care Home,"839 Golden Pond Ct,",32828,Family Home
Surveyed,Risen Savior Academy,1331 S. Alafaya Trail,32828,Child Care Center
Surveyed,StarChild Academy Waterford,12800 WATERFORD LAKES PKWY,32828,Child Care Center
Surveyed,Wolf Pup Learning Center,1001 Avalon Park South Blvd,32828,Child Care Center
Surveyed,Amazing Explorers Academy Vista Lakes ,5744 crowntree lane,32829,Child Care Center
Surveyed,KinderCare Learning Center #1846,6537 VISTA PARK BLVD,32829,Child Care Center
Surveyed,PRIMROSE SCHOOL AT VISTA LAKES,8712 LEE VISTA BLVD,32829,Child Care Center
Surveyed,Central Florida YMCA Learning Center,2800 E VISTA BLVD,32830,Child Care Center
Surveyed,Cranium Academy of East Orlando,10275 SAVANNAH PARK DR,32832,Child Care Center
Surveyed,"Helping Hands Academy: An Alternative Solution, LLC",11700 Deer Path Way,32832,Family Home
Surveyed,iLingo Academy,9830 MERE PKWY,32832,Child Care Center
Surveyed,Ladybird Academy,10485 MOSS PARK RD,32832,Child Care Center
Surveyed,SPRING OF LIFE  EARLY LEARNING,11101 Moss Park Rd,32832,Child Care Center
Surveyed,Super Kids Academy Lake Nona,10743 NARCOOSSEE RD,32832,Child Care Center
Surveyed,BRIGHT STARS PRESCHOOL,7325 CONROY WINDERMERE RD,32835,Child Care Center
Surveyed,Cummings Family Daycare,7209 TALLOWTREE LN,32835,Family Home
Surveyed,Early Education Station,6549 Old Winter Garden Road,32835,Child Care Center
Surveyed,Fiorella Preparatory School,6965 PIAZZA GRANDE AVE UNIT 101-102,32835,Child Care Center
Surveyed,KIDZ COLLEGE,6558 OLD WINTER GARDEN RD,32835,Child Care Center
Surveyed,La Petite Academy 7383,6573 OLD WINTER GARDEN RD,32835,Child Care Center
Surveyed,ORLANDO EARLY LEARNING ACADEMY,6261 OLD WINTER GARDEN RD,32835,Child Care Center
Surveyed,Ortiz Family Day Care Home,7621 Telegraph Hill Rd  ,32835,Family Home
Surveyed,PIAGET ACADEMY,6395 RALEIGH ST,32835,Child Care Center
Surveyed,KIDS GROW PRESCHOOL,11508 S APOPKA VINELAND RD,32836,Child Care Center
Surveyed,"O Town West Preschool, LLC",7530 Redmond Dr,32836,Child Care Center
Surveyed,1st Pavilion Kids Academy Inc,12355 S JOHN YOUNG PKWY,32837,Child Care Center
Surveyed,Creativitown Daycare Center,2000 Falcon Trace Blvd,32837,Child Care Center
Surveyed,Ibn Seena Academy,12908 S ORANGE BLOSSOM TRL,32837,School Based
Surveyed,IQ VILLAGE HUNTERS CREEK,4113 Hunters Park Lane,32837,Child Care Center
Surveyed,KIDS NOW ACADEMY I,2132 CENTRAL ORIDA PKWY,32837,Child Care Center
Surveyed,Kinder Club Academy ,10249 S JOHN YOUNG PKWY,32837,Child Care Center
Surveyed,La Petite Academy #182- 7380,10936 S TRAIL CIR,32837,Child Care Center
Surveyed,La Petite Academy #2502- 7379,14524 GATORLAND DR,32837,Child Care Center
Surveyed,LITTLE JAN LEARN AND PLAY,11189 S ORANGE BLOSSOM TRL,32837,Child Care Center
Surveyed,Open Arms ELC ,12601 Balcombe Rd,32837,Child Care Center
Surveyed,PEACE UNITED METHODIST PRESCHOOL,13502 TOWN LOOP BLVD,32837,Child Care Center
Surveyed,Pedraza Family Day Care Home,2498 Ginger Mill Blvd  ,32837,Family Home
Surveyed,Primrose School of Hunters Creek,5741 Town Center Blvd,32837,Child Care Center
Surveyed,Faithful Hearts Learning Academy,1320 E3444th St ,32839,Child Care Center
Surveyed,Heavenly Family home daycare,2533 myakka dr ,32839,Family Home
Surveyed,Ivy League Achievers Academy LLC,4540 S ORANGE BLOSSOM TRL,32839,Child Care Center
Surveyed,ORLANDO CHILDREN'S ACADEMY,1555 AMERICANA BLVD,32839,Child Care Center
Surveyed,PEAK FAMILY Daycare,4105 S NASHVILLE AVE,32839,Family Home
Surveyed,Super Kids Academy,4974 MILLENIA BLVD ,32839,Child Care Center
Surveyed,Super Kids Academy II,4976 MILLENIA BLVD,32839,Child Care Center
Surveyed,Creative Kids Connection,8681 W IRLO BRONSON MEMORIAL HWY STE 122,34747,Child Care Center
Surveyed,Oakland Ave. Charter School VPK,456 E  AVE,34760,School Based
Surveyed,OAKLAND PRESBYTERIAN PRESCHOOL,218 E  AVE,34760,Child Care Center
Surveyed,The Growing Me Learning Center,304 East Oakland Ave ,34760,Child Care Center
Surveyed,Anointed Hands Child Care,325  APOPKA RD,34761,Child Care Center
Surveyed,Country Day School,1 W OAKLAND AVE,34761,Child Care Center
Surveyed,Courterier Family Day Care Home,2245 Stefanshire Ave,34761,Family Home
Surveyed,Glad Tidings Church Preschool,2009 FULLERS CROSS RD,34761,Child Care Center
Surveyed,GOOD HOMES PRESCHOOL 2,1501 E SILVER STAR RD,34761,Child Care Center
Surveyed,GOOD HOMES PRESCHOOL OF ORLANDO,8959 W COLONIAL DR,34761,Child Care Center
Surveyed,Kellom Family Day Care Home,620 Banderas Ave,34761,Family Home
Surveyed,Ladybird Academy of Ocoee,2060 West Rd.,34761,Child Care Center
Surveyed,Lil' Lights Preschool,1105 N LAKEWOOD AVE,34761,Child Care Center
Surveyed,OCOEE OAKS PRESCHOOL,201 S CLARKE RD,34761,Child Care Center
Surveyed,Treasure Kids Academy-Ocoee,1025 S. Clarke Road,34761,Child Care Center
Surveyed,West Orlando Baptist Child Discovery Center,"1006 E Crown Point Rd,  ",34761,Child Care Center
Surveyed,Lil' Explorers St. Cloud Inc ,1202 Wisconsin Ave,34769,Child Care Center
Surveyed,Bright Horizons at Windermere,7866 Winter Garden Vineland Rd,34786,Child Care Center
Surveyed,FIRST BAPTIST CHURCH CHILD DEVELOPMENT CENTER,300 MAIN ST,34786,Child Care Center
Surveyed,Montessori Kids Academy of Windermere,1707 Maguire Rd,34786,Family Home
Surveyed,My Kids Academy,113 Roberson Rd,34786,Child Care Center
Surveyed,Premier Academy,9380 Gotha Rd,34786,Child Care Center
Surveyed,WINDERMERE UNION CHURCH PRESCHOOL,10710 Park Ridge Gotha Rd,34786,School Based
Surveyed,All Kidz Preschool,1130 E PLANT ST,34787,Child Care Center
Surveyed,Bright Horizons at Winter Garden,1660 DANIELS RD,34787,Child Care Center
Surveyed,CHILDREN'S LIGHTHOUSE Childcare Learning Center  OF PEOPLE OF FAITH,220 WINDERMERE RD,34787,Child Care Center
Surveyed,Dramatic Education Inc,1221 Brick Rd,34787,School Based
Surveyed,FUMC Learning Center Preschool,125 North Lakeview Avenue,34787,School Based
Surveyed,Ladybird Academy Winter Garden,1630 AVALON RD,34787,Child Care Center
Surveyed,RESURRECTION PRESCHOOL,1211  Winter Garden VINELAND RD,34787,Child Care Center
Surveyed,StarChild Academy,1324 Winter Garden VINELAND RD,34787,Child Care Center
Surveyed,Starchild Academy Winter Garden,1324 Winter Garden Vineland Road,34787,Child Care Center
Surveyed,The Goddard School - Winter Garden,2007 Avalon Road,34787,Child Care Center
Surveyed,UCP of Central Florida - West Orange Campus,1441  VINELAND RD,34787,School Based
Not surveyed,4 TD Kids' Park Avenue Child Care & Learning Center,33 N PARK AVE,32703,Child Care Center
Not surveyed,4 TD Kids' Park Avenue Child Care & Pre-School Academy,262 S MCGEE AVE,32703,Child Care Center
Not surveyed,Apopka Child Academy,170 E MAGNOLIA ST,32703,Child Care Center
Not surveyed,Champion Preparatory Academy,1935 S  Orange Blossom Trl,32703,Child Care Center
Not surveyed,"Children's Learning Academy, inc",2333 E Semoran Blvd,32703,Child Care Center
Not surveyed,Duarte-Perez Family Day Care Home,"1611 Finley Ave,  ",32703,Family Home
Not surveyed,EASTSIDE LEARNING CENTER,131 W 17th St,32703,Child Care Center
Not surveyed,"HALL, ELIZABETH",328 W 17TH ST,32703,Family Home
Not surveyed,HIGHLAND CHRISTIAN ACADEMY,441 S HIGHLAND AVE,32703,Child Care Center
Not surveyed,JOHN H BRIDGES HEAD START CENTER,445 W 13TH ST,32703,Child Care Center
Not surveyed,Kennedy Family Day Care Home,"215 N Central Ave,  ",32703,Family Home
Not surveyed,Mary Cooks Home Day Care,442 W 17TH ST,32703,Family Home
Not surveyed,RISPER CHILD CARE AND DEVELOPMENT CENTER,1218 OLD  RD,32703,Child Care Center
Not surveyed,Shaena's Shining Stars LLC,1347 Contreau Ct,32703,Family Home
Not surveyed,Sophia Kid's Learning Center,1537 S CENTRAL AVE,32703,Child Care Center
Not surveyed,Fournier Family Day Care Home,"1223 Wyndham Pine Dr,  ",32712,Family Home
Not surveyed,LADYBIRD ACADEMY ROCK SPRINGS,1151 ROCK SPRINGS RD,32712,Child Care Center
Not surveyed,Martin Family Day Care Home,4425 Berry Oak Dr,32712,Family Home
Not surveyed,VISION CHILDREN'S ACADEMY,1791 Belle Chase Dr,32712,Family Home
Not surveyed,ASBURY EARLY LEARNING CENTER,220 W HORATIO AVE,32751,Child Care Center
Not surveyed,Early Developmental Nurturing Academy #2,221 E KENNEDY BLVD,32751,Child Care Center
Not surveyed,Hungerford Elementary Head Start,"230 S College Ave,  ",32751,Child Care Center
Not surveyed,Insync Learning,190 Independence Ln Unit 370,32751,Child Care Center
Not surveyed,Lashundra's Tots Child Care Center,140 S WEST ST,32751,Child Care Center
Not surveyed,Higher Learning Development Center,636 N WYMORE RD,32789,Child Care Center
Not surveyed,KIDDIE HAVEN DAY NURSERY,1851 GOODRICH AVE,32789,Child Care Center
Not surveyed,Methodist School For Early Education,125 N Interlachen Ave,32789,Child Care Center
Not surveyed,The Parke House Academy LLC,1776 Minnesota Ave,32789,Child Care Center
Not surveyed,Aloma Elementary Head Start,2949 Scarlet Road Winter Park orida,32792,Child Care Center
Not surveyed,Capoverdi Family Day Care Home,"2803 Will O Th Grn,  ",32792,Family Home
Not surveyed,Childtime Learning Center #308,1001 S SEMORAN BLVD,32792,Child Care Center
Not surveyed,Kid's Prep School,823 S SEMORAN BLVD,32792,Child Care Center
Not surveyed,Mrs. Jolie's Home Day Care & Learning Center LLC,2835 Bongart Rd,32792,Family Home
Not surveyed,Royalty Harvest Academy,7507 ALOMA AVE,32792,Child Care Center
Not surveyed,Wonderland Childcare Center,2095 DUNDEE DR,32792,Child Care Center
Not surveyed,Little Tots On The Move,3602 North Orange Bloosom Trail,32798,Child Care Center
Not surveyed,Weekday School at First Presbyterian Church of Orlando,106 E Church St,32801,Child Care Center
Not surveyed,WESLEY CHILD DEVELOPMENT CENTER,42 E JACKSON ST,32801,Child Care Center
Not surveyed,Abc Learning Center & Child Care,2310 E Concord Street,32803,Child Care Center
Not surveyed,Afternoons at Emmanuel,1603 East Winter Park Rd,32803,Child Care Center
Not surveyed,Hyer Street Preschool,407 N HYER AVE,32803,Child Care Center
Not surveyed,MERRIDAY SCHOOL,2600 E JACKSON ST,32803,Child Care Center
Not surveyed,ORLANDO SCIENCE CENTER PRESCHOOL,777 E PRINCETON ST,32803,Child Care Center
Not surveyed,St. James Cathedral School,505 E RIDGEWOOD ST,32803,School-based Program
Not surveyed,Children's Academy at Loch Haven On The Mend,2800 N Orange Ave,32804,Child Care Center
Not surveyed,Learning Minds Montessori,1300 Edgewater Dr  ,32804,Child Care Center
Not surveyed,ST CHARLES BORROMEO CATHOLIC SCHOOL,4005 EDGEWATER DR,32804,School-based Program
Not surveyed,St Michael's Preschool,2499 N Westmoreland Dr,32804,Child Care Center
Not surveyed,"The Monarch Learning Academy, Inc",1914 Edgewater Dr,32804,Child Care Center
Not surveyed,TRI-L CHRISTIAN ACADEMY,1039 W  Fairbanks Ave,32804,School-based Program
Not surveyed,21st CCLC Project City Kids - Jackson Neighborhood Center,1002 Carter St,32805,Child Care Center
Not surveyed,21st CCLC Project City Kids Rock Lake Neighborhood Center,440 N Tampa Ave,32805,Child Care Center
Not surveyed,4C Early Head Start Ferguson Child Development Center,644 Ferguson Dr,32805,Child Care Center
Not surveyed,Absolute Excellence Preparatory Academy,1815 W Washington St,32805,Child Care Center
Not surveyed,Candyhouse Daycare & Learning Center,647 Indiana St,32805,Child Care Center
Not surveyed,CHARITY LEARNING ACADEMY INC.,725 S GOLDWYN AVE,32805,Child Care Center
Not surveyed,CHARLI'S PRECIOUS ANGELS HOME DAYCARE,861 W LAKE MANN DR,32805,Family Home
Not surveyed,Dramatic Education Inc. at Catalina Elementary,2448 29th St,32805,Child Care Center
Not surveyed,Frontline Outreach Head Start,3000 C R SMITH ST,32805,Child Care Center
Not surveyed,Generations of Leaders Learning Center LLC,1430 W KALEY AVE,32805,Child Care Center
Not surveyed,GMA'S Childcare and Learning center,2385 W CHURCH ST,32805,Child Care Center
Not surveyed,Great Minds Academy LLC,1264 S RIO GRANDE AVE,32805,Child Care Center
Not surveyed,Kid's Kingdom Daycare and Christian Academy,1342 Bruton Blvd,32805,Child Care Center
Not surveyed,KIDZVILLE ACADEMY,1800 W  Washington St,32805,Child Care Center
Not surveyed,Kingdom Kids Development Center,1102 26th Street,32805,Child Care Center
Not surveyed,Lady buggs learning Academy,3006 S Rio Grande Ave Apt B,32805,Family Home
Not surveyed,Learn & Play Childcare,3099 Orange Center Blvd,32805,Child Care Center
Not surveyed,LEARNING LADDERS PRESCHOOL,297 S COTTAGE HILL RD,32805,Child Care Center
Not surveyed,LITTLE PEOPLE LEARNING CENTER,1033 W MICHIGAN ST,32805,Child Care Center
Not surveyed,NU GENERATION ACADEMY INC,1225 25TH ST,32805,Child Care Center
Not surveyed,"PLAY, LAUGH AND GROW LEARNING ACADEMY INC",2395 W CHURCH ST,32805,Child Care Center
Not surveyed,RAE OF SUNSHINE,624 BETHUNE DR,32805,Child Care Center
Not surveyed,Superstar's Academy Learning Center,422 S PARRAMORE AVE,32805,Child Care Center
Not surveyed,The First Academy Preschool,2667 Bruton Blvd,32805,Child Care Center
Not surveyed,Washington Shores Primary Learning Center,2500 Bruton Blvd,32805,Child Care Center
Not surveyed,CHILD'S PLACE,2301 E MICHIGAN ST,32806,Child Care Center
Not surveyed,Conway Learning Center #2,2701 CONWAY GARDENS RD,32806,Child Care Center
Not surveyed,Faith Christian Academy Preschool Michigan,2740 E MICHIGAN ST,32806,School-based Program
Not surveyed,Kids 1st CDC LLC,2447 RAEFORD RD,32806,Child Care Center
Not surveyed,SMALL BLESSINGS CHILD CARE,1647 PEEL AVE,32806,Child Care Center
Not surveyed,Steppin' Stones Learning Academy,2405 E KALEY AVE,32806,Child Care Center
Not surveyed,The Jupiter School,25 W JERSEY ST,32806,Child Care Center
Not surveyed,1st Choice Kids Academy,5600 OLD CHENEY HWY,32807,Child Care Center
Not surveyed,21st CCLC Project City Kids - Engelwood Neighborhood Center,6123 La Costa Dr,32807,Child Care Center
Not surveyed,AZALEA PARK BAPTIST SCHOOL,5725 DAHLIA DR,32807,Child Care Center
Not surveyed,"Brown Family Home Daycare, LLC.",8024 Rhea Cir,32807,Family Home
Not surveyed,Brush Arbor Christian School,"2304 N Goldenrod Rd,  ",32807,Child Care Center
Not surveyed,Engelwood Elementary Head Start,"900 Engel Dr,  ",32807,Child Care Center
Not surveyed,Englewood Elementary Head Start,5985 LA COSTA DR,32807,Child Care Center
Not surveyed,GOOD SHEPHERD EARLY CHILDHOOD EDUCATIONAL CENTER,5902 OLEANDER DR,32807,School-based Program
Not surveyed,"Jackie's Home Daycare, LLC","6939 Yucatan Dr,  ",32807,Family Home
Not surveyed,LEADERS PREPARATORY SCHOOL,1021 N GOLDENROD RD,32807,School-based Program
Not surveyed,ORLANDO CHRISTIAN PREP,500 S  Semoran Blvd,32807,School-based Program
Not surveyed,"Osito Blue, LLC",148 Coleus Dr,32807,Family Home
Not surveyed,TIMBER RIVER FAMILY CHILD CARE,7723 TIMBER RIVER CIR,32807,Family Home
Not surveyed,"Academy 2000 , Inc #2",4801 BASSWOOD LN,32808,Child Care Center
Not surveyed,"ACADEMY 2000, INC #1",4750 Silver Star Road,32808,Child Care Center
Not surveyed,ADMIRED ANGELS CHILD CARE CENTER,1438 N  Pine Hills Rd,32808,Child Care Center
Not surveyed,ADVENTURE LEARNING ACADEMY,1427 N PINE HILLS RD,32808,Child Care Center
Not surveyed,Ball Family Day Care Home,"5091 Catspaw Ct,  ",32808,Family Home
Not surveyed,Bay's Childcare LLC,805 FERGUSON DR,32808,Child Care Center
Not surveyed,CHALLENGING MINDS CHRISTIAN ACADEMY,1301 N PINE HILLS RD,32808,Child Care Center
Not surveyed,Children in Learning Preschool LLC. (Orlando),1238 N PINE HILLS RD,32808,Child Care Center
Not surveyed,Cowan Family Day Care Home,2108 SAN JOSE BLVD,32808,Family Home
Not surveyed,CUDDLE TIME LEARNING CENTER INC,4513 N PINE HILLS RD,32808,Child Care Center
Not surveyed,Dream Big Preschool of Learning,6151 SILVER STAR RD,32808,Child Care Center
Not surveyed,Fonrose Christian Preschool & Academy,5324 Silver Star Rd Suite-B,32808,Child Care Center
Not surveyed,FUTURE STARS ACADEMY,1101 N PINE HILLS RD,32808,Child Care Center
Not surveyed,God's Little Lambs Learning Center,1056 N Pine Hills Rd,32808,Child Care Center
Not surveyed,Hands on Academy of Orlando,3850 WINTER ROSE DR,32808,Child Care Center
Not surveyed,Heritage Preparatory School,6000 W COLONIAL DR,32808,School-based Program
Not surveyed,Kids Can Be Kids,1041 N PINE HILLS RD,32808,Child Care Center
Not surveyed,Kids Village-Pine Hills,627 N PINE HILLS RD,32808,Child Care Center
Not surveyed,KIDZ AT WORK ACADEMY,1215 MERCY DR,32808,Child Care Center
Not surveyed,KIDZ ZONE LEARNING ACADEMY INC,5086 NORTH LN,32808,Child Care Center
Not surveyed,Kohliem's Family Daycare LLC,"5135 Barnegat Point Rd,  ",32808,Family Home
Not surveyed,LEADERS OF EXCELLENCE ACADEMY INC,2608 PIONEER RD,32808,Child Care Center
Not surveyed,LIL' RASCALS CHILD CARE CENTER,4008 N PINE HILLS RD,32808,Child Care Center
Not surveyed,Little Achievers Early Learning Academy,1531 MERCY DR,32808,Child Care Center
Not surveyed,little achievers learning center inc,1440 N PINE HILLS RD,32808,Child Care Center
Not surveyed,LITTLE WONDERS LEARNING CENTER,1222 N PINE HILLS RD,32808,Child Care Center
Not surveyed,Lovable's Child Care Center,1012 N PINE HILLS RD,32808,Child Care Center
Not surveyed,MAI STARZ LEARNING ACADEMY,1109 N PINE HILLS RD,32808,Child Care Center
Not surveyed,McDaniel Family Day Care Home,"820 San Domingo Rd,  ",32808,Family Home
Not surveyed,Milledge Family Day Care Home,4006 BRINELL AVE,32808,Family Home
Not surveyed,"POWELL, DONITA",3604 DALEFORD RD,32808,Family Home
Not surveyed,Sanford Family Day Care Home,5705 Indian Hill Rd,32808,Family Home
Not surveyed,Tattle Tales Learning Center Inc.,1211 N PINE HILLS RD,32808,Child Care Center
Not surveyed,Tiny Miracles Academy,1250 N PINE HILLS RD,32808,Child Care Center
Not surveyed,Unique Academy,1307 N Pine hills rd,32808,Child Care Center
Not surveyed,"Awesome Land Preschool Academy, Inc.",1800 W Oak Ridge Rd,32809,Child Care Center
Not surveyed,Beaudin Family Day Care Home,6231 Hillwood Dr  ,32809,Family Home
Not surveyed,Blanca Family Day Care Home,"5812 La Belle St,  ",32809,Family Home
Not surveyed,GREEN DAY EARLY LEARNING CENTER OAKRIDGE,1010 W OAK RIDGE RD,32809,Child Care Center
Not surveyed,PATHWAYS SCHOOL,1877 W OAK RIDGE RD,32809,Child Care Center
Not surveyed,"Pine Castle Christian Academy, Inc.",7101 LAKE ELLENOR DR,32809,School-based Program
Not surveyed,PLANET LEARNING ACADEMY,1335 ORIDA MALL AVE,32809,Child Care Center
Not surveyed,St. John Vianney School,6200 S ORANGE BLOSSOM TRL,32809,School-based Program
Not surveyed,STORYBOOK SCHOOL LLC,209 W OAK RIDGE RD,32809,School-based Program
Not surveyed,Adorable Moments,5908 GROVELINE DR,32810,Family Home
Not surveyed,Children's Achievers Future Academy,7500 Forest City Rd,32810,Child Care Center
Not surveyed,Forest City Adventist School,7563 Forest City Rd  ,32810,School-based Program
Not surveyed,"Our Next Us Childcare, Inc.",5029 Edgewater Drive,32810,Child Care Center
Not surveyed,PAIGEE'S KIDZ ZONE,6209 ALL AMERICAN BLVD,32810,Child Care Center
Not surveyed,Pupo Family Day Care Home,2905 Joyann St,32810,Family Home
Not surveyed,Supreme Child Care and Development Center,5745 Edgewater Dr,32810,Child Care Center
Not surveyed,Wilson Family Day Care Home,"6826 Goldeneye Dr,  ",32810,Family Home
Not surveyed,Alpha Achievers Family Home,1750 ORES CT,32811,Family Home
Not surveyed,Apple Star Academy 2 Inc.,1003 S KIRKMAN RD,32811,Child Care Center
Not surveyed,Champs Learning Center ll Inc,1819 WILLIAMS MANOR AVE,32811,Child Care Center
Not surveyed,Infinite Scholars Learning Academy,667 Palmera St,32811,Family Home
Not surveyed,INTERNATIONAL CHILD SERVICES CENTER,4075 L B MCLEOD RD STE A,32811,Child Care Center
Not surveyed,KIDS AVENUE LEARNING CENTER,121 N PINE HILLS RD,32811,Child Care Center
Not surveyed,KIDSCONNECT CHILDCARE CENTER,4527 CARTER ST,32811,Child Care Center
Not surveyed,KINDRED SPIRIT LEARNING CENTER II,925 IVEY LN,32811,Child Care Center
Not surveyed,KINGS KIDS DAYCARE AND LEARNING CENTER,821 S KIRKMAN RD,32811,Child Care Center
Not surveyed,"KISSHA'S LITTLE ONES CHILD CARE, LLC",2035 LA DUE CT,32811,Family Home
Not surveyed,LILA MITCHELL HEAD START CENTER,5151 RALEIGH ST,32811,Child Care Center
Not surveyed,SIMPLY GROWING,4743 RALEIGH ST,32811,Child Care Center
Not surveyed,SMARTY PANTS EARLY LEARNING CENTER INC,5389 CONROY RD,32811,Child Care Center
Not surveyed,Smith Family Day Care Home,"1878 Attucks Ave,  ",32811,Family Home
Not surveyed,Sprout's Lil Blessings,312 Pearlwood St,32811,Family Home
Not surveyed,ST MARK CHILDREN ENRICHMENT CENTER,4055 COVINGTON ST,32811,Child Care Center
Not surveyed,TRUE DELIVERANCE CENTER DAY CARE,29 S IVEY LN,32811,Child Care Center
Not surveyed,CONWAY UNITED METHODIST PRESCHOOL,3401 S CONWAY RD,32812,School-based Program
Not surveyed,Justice Family Day Care Home,"2929 Condel Dr,  ",32812,Family Home
Not surveyed,"KJ Kids Academy, Inc.",5235 Hoffner Ave,32812,Child Care Center
Not surveyed,La Petite Academy 7495,5066 CONWAY RD,32812,Child Care Center
Not surveyed,Spirit of Joy Preschool,"1801 Rouse Rd,  ",32817,Child Care Center
Not surveyed,Under The Sun Academy,8414 East Colonial Drive,32817,Child Care Center
Not surveyed,Crumity Family Day Care Home,6421 Undine Way,32818,Family Home
Not surveyed,Gilbert Family Day Care Home,"9131 Mr Lincoln Ct,  ",32818,Family Home
Not surveyed,KID'S INK,1513 Hinckley Rd,32818,Family Home
Not surveyed,KinderCare Learning Center #1341,644 DORSCHER RD,32818,Child Care Center
Not surveyed,Kingsway Christian Academy,"4161 N Powers Dr,  ",32818,Child Care Center
Not surveyed,"KIRKLAND, ANNIE",6303 JENNIFER JEAN DR,32818,Family Home
Not surveyed,La Petite Academy 7382,7698 SILVER STAR RD,32818,Child Care Center
Not surveyed,RADIANT LIFE ACADEMY,8151 Clarcona Ocoee Rd,32818,Child Care Center
Not surveyed,Rising Star Childcare and Dance Inc,6326 W COLONIAL DR,32818,Child Care Center
Not surveyed,RJB CHRISTIAN SCHOOL,6308 W COLONIAL DR,32818,Child Care Center
Not surveyed,STEP N 2 LEARNING ACADEMY,6848 SILVER STAR RD,32818,Child Care Center
Not surveyed,SWEET DREAMS CHILD CARE INC,7230 W COLONIAL DR,32818,Child Care Center
Not surveyed,T & T Palmer,7231 Plantain Dr  ,32818,Family Home
Not surveyed,THE PLAY PALACE,2817 N POWERS DR,32818,Child Care Center
Not surveyed,Bessellieu Family Day Care Home,"8434 Banyan Blvd,  ",32819,Family Home
Not surveyed,"Blossom Montessori, LLC",8025 Oak Park Rd,32819,Family Home
Not surveyed,Enlighten Montessori,8343 Tansy Dr,32819,Family Home
Not surveyed,Growing Minds Montessori ITP LLC,8121 Oak Park Rd,32819,Family Home
Not surveyed,Growing Minds Montessori School,"7900 S Apopka Vineland Rd,  ",32819,Child Care Center
Not surveyed,Happy Little House,"8711 Sandberry Blvd,  ",32819,Family Home
Not surveyed,Holy Family Catholic School,5129 S Apopka Vineland Rd,32819,Child Care Center
Not surveyed,LADYBIRD ACADEMY OF DR PHILLIPS,6809 Daisy St,32819,Child Care Center
Not surveyed,Little Jewels Learning Center,4819 SKEENA ST,32819,Child Care Center
Not surveyed,Pinnock Family Day Care Home,"6802 Mandarin Dr,  ",32819,Family Home
Not surveyed,Suleman Family Day Care Home,"8029 Caraway Dr,  ",32819,Family Home
Not surveyed,The Children's Courtyard,7666 Wallace Rd,32819,Child Care Center
Not surveyed,A GROWING PLACE ACADEMY INC,18555 OLD CHENEY HWY,32820,Child Care Center
Not surveyed,Tanner Family Day Care Home,10545 Deergrass Ln,32821,Family Home
Not surveyed,Almanzar Family Day Care Home,922 Egan Dr,32822,Family Home
Not surveyed,AMERICAN PRESCHOOLS,4000 S GOLDENROD RD,32822,Child Care Center
Not surveyed,Daisy's Little Day Care Garden,2493 Island Club Way,32822,Family Home
Not surveyed,Fantasy Child Care LLC,3973 ERIC CT,32822,Family Home
Not surveyed,Knight Family Day Care Home,"1004 Ponce Ave,  ",32822,Family Home
Not surveyed,POTTER'S HOUSE ACADEMY AND PRESCHOOL CENTER,7051 PERSHING AVE,32822,Child Care Center
Not surveyed,Real Life Christian Academy Goldenrod,2413 S GOLDENROD RD,32822,School-based Program
Not surveyed,Ventura Elementary Head Start,4400 Woodgate Blvd,32822,Child Care Center
Not surveyed,Garcia Family Day Care Home,2146 Bridgeview Cir,32824,Family Home
Not surveyed,Loving Hands Day Care,"12100 Kendra Ct,  ",32824,Family Home
Not surveyed,Luz Mejia Family Day Care Home,1507 WOOD VIOLET DR,32824,Family Home
Not surveyed,Moral Family Day Care Home,9759 Hollyhill Dr,32824,Family Home
Not surveyed,Peekaboo Play & Learn,825 GREENWAY PROFESSIONAL CT,32824,Child Care Center
Not surveyed,Tutiven Family Day Care Home,"1212 Heather Lake Dr,  ",32824,Family Home
Not surveyed,Abram's Angels Academy Llc,10549 Cabbage Tree Loop,32825,Family Home
Not surveyed,Amazing Explorers Academy,11001 Lake Underhill Road,32825,Child Care Center
Not surveyed,CREATIVE WORLD SCHOOL AT CYPRESS SPRINGS,1725 S DEAN RD,32825,Child Care Center
Not surveyed,Discover After School Inc. @ Andover,3100 Sanctuary Point Blvd,32825,Child Care Center
Not surveyed,Eastland Baptist Christian School,9000 Lake Underhill Rd,32825,Child Care Center
Not surveyed,Guerra Family Day Care Home,325 Fieldstream Blvd,32825,Family Home
Not surveyed,"Highway Learning Center, LLC.",942 Grassy Island Ln,32825,Family Home
Not surveyed,Jaylen's Christian Academy,222 NEIGHBORHOOD MARKET RD STE 112-114,32825,Child Care Center
Not surveyed,Mancebo Family Day Care Home,10144 Doriath Cir,32825,Family Home
Not surveyed,ORLANDO MONTESSORI BILINGUAL ACADEMY INC,61 S DEAN RD,32825,Child Care Center
Not surveyed,Persad Family Day Care Home,407 Casting Ct,32825,Family Home
Not surveyed,Santos Family Day Care Home,"7949 Soft Pine Cir,  ",32825,Family Home
Not surveyed,THE FRIENDS ACADEMY,53 S DEAN RD,32825,Child Care Center
Not surveyed,Troll's Daycare,1072 Vista Palma Way,32825,Family Home
Not surveyed,Vazquez Family Day Care Home,"10102 Jepson St,  ",32825,Family Home
Not surveyed,Brown Family Day Care Home,"4737 Willamette Cir,  ",32826,Family Home
Not surveyed,EAST ORANGE HEAD START,12050 E COLONIAL DR,32826,Child Care Center
Not surveyed,L & A's Play House LLC,1759 bonneville drive,32826,Family Home
Not surveyed,UCP of Central Florida - Bailes,12702 SCIENCE DR,32826,Child Care Center
Not surveyed,Amazing Explorers Academy,13635 WALCOTT AVE,32827,School-based Program
Not surveyed,NONA PARK MONTESSORI SCHOOL,9186 DOWDEN RD,32827,School-based Program
Not surveyed,The Lake Nona YMCA Preschool,9055 Northlake Pkwy  ,32827,Child Care Center
Not surveyed,Dramatic Education Inc. at Castle Creek Elementary,"1245 Avalon Park North Blvd,  ",32828,Child Care Center
Not surveyed,Emmanuel Home Day Care,12537 Harney Dr,32828,Family Home
Not surveyed,Gonzalez Family Day Care Home,"13478 Summer Rain Dr,  ",32828,Family Home
Not surveyed,GROWING TOGETHER ACADEMY,843 WOODBURY RD STE 101,32828,Child Care Center
Not surveyed,Gunawardena Family Day Care Home,"621 Canary Island Ct,  ",32828,Family Home
Not surveyed,Kids R Kids Waterford,415 WOODBURY RD,32828,Child Care Center
Not surveyed,Luna Family Day Care Home,"13868 Carolina Laurel Dr,  ",32828,Family Home
Not surveyed,Molina Family Day Care Home,13538 Hidden Forest Cir,32828,Family Home
Not surveyed,Primrose School at Avalon Park,13461 TANJA KING BLVD,32828,Child Care Center
Not surveyed,Zaccone Family Day Care Home,16245 Birchwood Way,32828,Family Home
Not surveyed,"AGUIAR, ROSARIO",4632 SADDLE CREEK PL,32829,Family Home
Not surveyed,Grullon Family Day Care Home,3483 Fox Hollow Dr,32829,Family Home
Not surveyed,Kids & Company,3000 S CHICKASAW TRL,32829,Child Care Center
Not surveyed,Wood Family Day Care Home,"4901 Red Bay Dr,  ",32829,Family Home
Not surveyed,Rivera Family Day Care Home,12745 Moss Park Ridge Dr,32832,Family Home
Not surveyed,THE LEARNING EXPERIENCE OF LAKE NONA,11800 Narcoossee Rd,32832,Child Care Center
Not surveyed,"Tiny Minds Daycare, LLC",10974 Savannah Landing Cir  ,32832,Family Home
Not surveyed,Bhulasi-Sukhu Family Day Care Home,"3215 Caesar Ave,  ",32833,Family Home
Not surveyed,DA VINCI PRESCHOOL ACADEMY,1901 PARK CENTER DR,32835,Child Care Center
Not surveyed,Early Education Station Inc Metrowest,6549 Old Winter Garden Rd,32835,Child Care Center
Not surveyed,Renwick Family Daycare,"4519 Windsmere Blvd,  ",32835,Family Home
Not surveyed,Scarlett Family Day Care Home,40 N Observatory Dr,32835,Family Home
Not surveyed,JACK & LEE ROSEN JEWISH COMMUNITY CENTER,11184 S Apopka Vineland Rd,32836,Child Care Center
Not surveyed,Lake Buena Vista High School,11305 Daryl Carter Pkwy,32836,Child Care Center
Not surveyed,Lakeside Preschool,8464 Winter Garden Vineland Rd,32836,Child Care Center
Not surveyed,Montessori World School,11659 Ruby Lake Rd,32836,Child Care Center
Not surveyed,MUSLIM ACADEMY OF GREATER ORLANDO,11551 RUBY LAKE RD,32836,Child Care Center
Not surveyed,After School Programs Inc @ Waterbridge,11100 Galvin Dr,32837,Child Care Center
Not surveyed,Bright Beginnings Child Care Center,12601 Balcombe Rd,32837,Child Care Center
Not surveyed,Da Vinci at Hunters Creek DBA Da Vinci Academy,13740 TOWN LOOP BLVD,32837,Child Care Center
Not surveyed,Ericare LLC,12853 Enclave Dr,32837,Family Home
Not surveyed,LADYBIRD ACADEMY HUNTERS CREEK,3010 HUNTERS CREEK BLVD,32837,Child Care Center
Not surveyed,LITTLE SPROUTS CLUBHOUSE,11340 S ORANGE BLOSSOM TRL,32837,Child Care Center
Not surveyed,McElligott Family Day Care Home,5118 Terra Vista Way,32837,Family Home
Not surveyed,MONTESSORI WAY SCHOOL,4124 TOWN CENTER BLVD,32837,Child Care Center
Not surveyed,MONTESSORI WAY SCHOOL - SOUTH ORLANDO,12307 S ORANGE BLOSSOM TRL,32837,School-based Program
Not surveyed,Ortiz Family Day Care Home,"2111 Spice Ave,  ",32837,Family Home
Not surveyed,REGENCY CHRISTIAN ACADEMY,11513 S ORANGE BLOSSOM TRL,32837,Child Care Center
Not surveyed,Seed Kids,1900 Central orida Pkwy,32837,Child Care Center
Not surveyed,STARCHILD ACADEMY CRYSTAL CREEK,12050 CRYSTAL COMMERCE WAY,32837,Child Care Center
Not surveyed,Caminero Family Day Care Home,5343 Ansonia Ct,32839,Family Home
Not surveyed,De La Cueva Family Day Care Home,4050 Queen Anne Dr  ,32839,Family Home
Not surveyed,Legacy Christian Academy,1616 HONOUR RD,32839,Child Care Center
Not surveyed,Mallard Family Day Care Home,1825 Buchanan Bay Cir Apt 108,32839,Family Home
Not surveyed,Royal Academy preschool,5516 s texas ave,32839,Child Care Center
Not surveyed,Amazing Explorers Academy of Windermere,1651 Amazing Way,34761,School-based Program
Not surveyed,Gifted Minds Early Learning Center,101 S.Clarke Rd,34761,Child Care Center
Not surveyed,Innovation Montessori Ocoee,1610 N LAKEWOOD AVE,34761,Child Care Center
Not surveyed,La Petite Academy Academy 7381,11002 WINSHIRE BLVD,34761,Child Care Center
Not surveyed,Nadeem Family Day Care Home,2508 Red Berry Way,34761,Family Home
Not surveyed,PRIMROSE SCHOOL OF OCOEE,860 Tomyn Blvd,34761,School-based Program
Not surveyed,TREASURE KIDS ACADEMY CLARKE RD,1025 S CLARKE RD,34761,Child Care Center
Not surveyed,Victory Christian Academy,"1601 A D Mims Rd,  ",34761,Child Care Center
Not surveyed,Cordoba Family Day Care Home,"5037 Blue Major Dr,  ",34786,Family Home
Not surveyed,Ladybird Academy of Wickham Park,7324 BENTONSHIRE AVE,34786,Child Care Center
Not surveyed,LADYBIRD ACADEMY WINDERMERE,12144 CHASE RD,34786,Child Care Center
Not surveyed,Perveen Family Day Care Home,13229 Roskin Ln  ,34786,Family Home
Not surveyed,STARCHILD ACADEMY WINDERMERE,11815 SILVERLAKE PARK DR,34786,Child Care Center
Not surveyed,The Learning Experience,6290 LAKE SMITH CIR,34786,Child Care Center
Not surveyed,After School Program Inc @ Dillard,311 N Dillard St,34787,Child Care Center
Not surveyed,Amazing Explorers Academy Hamlin,5796 HAMLIN GROVES TRL,34787,Child Care Center
Not surveyed,Burgess Family Day Care Home,14229 Country Estate Dr  ,34787,Family Home
Not surveyed,Clark Family Day Care Home,989 Glenmeadow Dr  ,34787,Family Home
Not surveyed,CRANIUM ACADEMY,4068  VINELAND RD,34787,School-based Program
Not surveyed,Foundation Academy,125 E Plant St,34787,Child Care Center
Not surveyed,Kiddie Academy of Winter Garden,15806 Shaddock Dr,34787,Child Care Center
Not surveyed,KLA Schools of Horizon West,8185 SUMMERLAKE GROVES ST,34787,School-based Program
Not surveyed,LITTLE HANDS LEARNING CENTER,1001 W Plant St,34787,Child Care Center
Not surveyed,"LITTLE ORANGE ACADEMY, LLC",1101 S PARK AVE,34787,Child Care Center
Not surveyed,Matthews Hope Firm Foundation Preschool,700 9th St,34787,Child Care Center
Not surveyed,McNeil Family Day Care Home dba McNeil Preschool Home LLC,1407 KENNY CT,34787,Family Home
Not surveyed,MONTESSORI ACADEMY OF WINTER GARDEN,13337 W COLONIAL DR,34787,Child Care Center
Not surveyed,"Nana's Town, Inc.",1801 Seatonham St,34787,Family Home
Not surveyed,Solnyshko Educational Child Care,13 E CYPRESS ST,34787,Child Care Center
Not surveyed,THE KING'S ACADEMY,1302 EDGEWAY DR,34787,Child Care Center
Not surveyed,The Nest School - Winter Garden,16161 marsh rd,34787,School-based Program